,stock,window size,dropout fraction,epochs,batch size,mse,rmse
0,AMD_close,50,0.1,10,150,2.146742763706107,1.4651767005061564
1,GILD_close,1,0.1,10,500,2.1588788176324707,1.4693123621723432
2,JNJ_close,50,0.1,10,1,5.377135583306521,2.3188651498753696
3,MSFT_close,50,0.1,10,50,8.504460994944829,2.9162409013908346
4,REGN_close,50,0.15,10,10,147.7964360360518,12.157155754371653
5,TSLA_close,50,0.3,10,150,812.5420327511478,28.505122921172394
